S,E,I,R,total_cases,time,eff_repr_number,gr_I
10999863.258123916,37.47061312670176,56.667733932840605,43.603529032936216,100.27126296577683,67,2.5999696240348436,
10999853.369186986,40.15366291611558,60.72541363187758,46.75173647364958,107.47715010552716,68,2.599967442832249,0.07160476372402513
10999842.772166578,43.028825070560096,65.07363779431687,50.12537056430944,115.1990083586263,69,2.599965105447369,0.07160468578770951
10999831.416363075,46.10985452071019,69.73320974666339,53.74057266399371,123.4737824106571,70,2.5999626006973187,0.07160460226727117
10999819.247446964,49.41149091729035,74.72642225403662,57.61463987214167,132.3410621261783,71,2.5999599165985527,0.071604512763908
10999806.207198977,52.949529111137004,80.07716414282119,61.76610777514371,141.8432719179649,72,2.5999570403095515,0.07160441684996544
10999792.233231662,56.74089467534815,85.81103455369508,66.21483911641155,152.02587367010662,73,2.5999539580693987,0.07160431406695777
10999777.258690992,60.80372482986722,91.9554653707576,70.98211881383907,162.93758418459666,74,2.5999506551319698,0.07160420392342104
10999761.211936662,65.15745515454729,98.5398524114592,76.09075577888116,174.63060819034035,75,2.599947115695406,0.07160408589259859
10999744.016199473,69.82291250426681,105.59569600379106,81.56519202396223,187.1608880277533,76,2.5999433228265456,0.07160395940994269
10999725.589214234,74.82241456914534,113.15675162192235,87.43161957972839,200.58837120165074,77,2.5999392583799428,0.07160382387043351
10999705.84282637,80.17987655447665,121.25919129938623,93.7181057809463,214.97729708033253,78,2.5999349029111003,0.07160367862569639
10999684.682570405,85.9209254888022,129.9417765902385,100.4547275198011,230.3965041100396,79,2.5999302355834844,0.07160352298091088
10999662.007218286,92.07302270474753,139.24604390358465,107.67371510814768,246.9197590117323,80,2.5999252340688925,0.07160335619149216
10999637.708295394,98.66559507600627,149.21650309575148,115.4096064361246,264.62610953187607,81,2.5999198744406975,0.07160317745953693
10999611.669561936,105.73017563535745,159.90085026744168,123.69941216366635,283.60026243110804,82,2.599914131059445,0.07160298593000869
10999583.766457243,113.30055424303579,171.35019578075082,132.5827927340798,303.93298851483064,83,2.599907976450278,0.07160278068665415
10999553.86550434,121.41293902234301,183.61930858325871,142.10224805523262,325.7215566384914,84,2.5999013811715868,0.0716025607476205
10999521.82367191,130.10612933031052,196.76687800387015,152.30332075430255,349.07019875817275,85,2.59989431367427,0.07160232506076514
10999487.487690669,139.42170108573012,210.85579426803108,163.2348139767398,374.0906082447709,86,2.59988674015093,0.07160207249862349
10999450.693320826,149.40420533521066,225.95344906877233,174.94902476940817,400.9024738381805,87,2.5998786243742833,0.07160180185302267
10999411.264567213,160.10138100035485,242.13205762514173,187.50199416211774,429.6340517872595,88,2.59986992752402,0.07160151182930252
10999369.012838284,171.5643828159667,259.46900376142,200.95377514129228,460.42277890271237,89,2.5998606080012863,0.07160120104013079
10999323.736045018,183.84802554069435,278.0472096495398,215.3687197947045,493.4159294442444,90,2.5998506212299017,0.07160086799887022
10999275.217635434,197.01104559800467,297.9555319738442,230.8157869974567,528.771318971301,91,2.5998399194433754,0.07160051111247445
10999223.225560106,211.11638138721563,319.289186402264,247.36887210711473,566.6580585093787,92,2.599828451456698,0.07160012867387411
10999167.51116379,226.23147359184162,342.150202381731,265.1071602405738,607.2573626223049,93,2.5998161624218286,0.07159971885381977
10999107.807997862,242.42858690611794,366.64791041878385,284.11550481733667,650.7634152361205,94,2.5998029935657145,0.07159927969214297
10999043.83054797,259.78515470067543,392.8994641595151,304.4848331739358,697.3842973334508,95,2.5997888819095962,0.071598809088389
10998975.272870818,278.38414825536574,421.0303997469369,326.3125811827977,747.3429809297346,96,2.5997737599682695,0.07159830479178453
10998901.807133647,298.314472301651,451.17523510925,349.70315894651645,800.8783940557664,97,2.5997575554278702,0.07159776439048549
10998823.082049457,319.6713887392614,483.47811202016476,374.76844978591924,858.246561806084,98,2.599740190800663,0.07159718530005921
10998738.721200608,342.5569705224993,518.0934839731759,401.6283448981506,919.7218288713265,99,2.5997215830551825,0.07159656475114118
10998648.321242794,367.0805878511846,555.1868531264288,430.4113162299937,985.5981693564224,100,2.599701643219994,0.07159589977621361
10998551.449980954,393.3594289503598,594.9355598044618,461.25503029257305,1056.1905900970348,101,2.599680275959181,0.07159518719543834
10998447.644307993,421.5190578821253,637.5296282886848,494.30700583726536,1131.8366341259502,102,2.5996573791175543,0.07159442360147783
10998336.407996587,451.69401200299285,683.1726728910041,529.7253185199701,1212.8979914109743,103,2.599632843233449,0.07159360534323489
10998217.20933365,484.02844186160223,732.0828685856692,567.6793559028036,1299.7622244884728,104,2.59960655101678,0.07159272850843146
10998089.478586322,518.6767965252636,784.4939907743803,608.3506263797852,1392.8446171541655,105,2.59957837678992,0.071591788904944
10997952.605287524,555.8045575303004,840.6565290802347,651.9336258672508,1492.5901549474854,106,2.59954818588875,0.0715907820408106
10997805.93532835,595.5890248713695,900.8388804085273,698.6367663717083,1599.4756467802354,107,2.5995158340210662,0.07158970310280988
10997648.767843604,638.2201586796303,965.3286268781887,748.6833708388486,1714.0119977170373,108,2.599481166579322,0.07158854693351557
10997480.351875896,683.9014804896863,1034.4339046182183,802.312738998748,1836.7466436169661,109,2.599444017904487,0.07158730800671642
10997299.882802645,732.8510382615042,1108.4848698404367,859.7812892553158,1968.2661590957518,110,2.599404210497556,0.07158598040108566
10997106.498509327,785.3024396069617,1187.8352690448896,921.3637820242288,2109.199051069118,111,2.5993615541750295,0.07158455777197514
10996899.275291037,841.5059579722008,1272.8641206890338,987.3546303045005,2260.218750993534,112,2.5993158451644005,0.07158303332120619
10996677.223463321,901.7297168475836,1363.9775161582288,1058.0693036761133,2422.0468198343415,113,2.5992668651354394,0.07158139976470768
10996439.282661818,966.2609574177172,1461.6105484149991,1133.8458323515706,2595.456380766569,114,2.5992143801627505,0.07157964929785865
10996184.316808922,1035.4073954257735,1566.2293772799662,1215.0464183746262,2781.2757956545915,115,2.5991581396147807,0.07157777355836537
10995911.108724125,1109.4986734101858,1678.3334409103945,1302.0591615568467,2980.39260246724,116,2.5990978749641203,0.07157576358650397
10995618.354353154,1188.8879148787926,1798.4578236951093,1395.2999082740907,3193.757731969199,117,2.5990332985135844,0.0715736097825439
10995304.656589294,1273.953387416621,1927.1757914793366,1495.214231812708,3422.3900232920437,118,2.5989641020321907,0.0715713018611488
10994968.518658489,1365.100282179778,2065.1015057721424,1602.27955356156,3667.3810593337016,119,2.5988899552947466,0.07156882880255133
10994608.337037923,1462.7626177102866,2212.8929293749297,1717.0074149933457,3929.900344368274,120,2.5988105045183243,0.07156617880026572
10994222.39387571,1567.405276516079,2371.254936704369,1839.9459110697308,4211.200847774098,121,2.5987253706884754,0.07156333920510627
10993808.848877192,1679.5261833975978,2540.9426429696114,1971.6822964421956,4512.624939411806,122,2.5986341477675183,0.07156029646524598
10993365.730621021,1799.6586350682446,2722.764967304171,2112.8457766071742,4835.610743911344,123,2.5985364007767546,0.07155703606204322
10992890.927265827,1928.373791210919,2917.5884459499694,2264.1104970129613,5181.698942962929,124,2.5984316637439084,0.07155354244134204
10992382.176605606,2066.2833377375005,3126.341312647156,2426.198744010182,5552.540056657337,125,2.598319437506519,0.07154979893993119
10991837.055429338,2214.042333672598,3350.017864500893,2599.8843724905796,5949.902236991472,126,2.598199187361399,0.07154578770682729
10991252.968137382,2372.3522537672297,3589.6831327776254,2785.9964760739626,6375.679608851587,127,2.5980703405496306,0.07154148961902296
10990627.134564223,2541.9642396618992,3846.477879330686,2985.4233167838306,6831.901196114515,128,2.5979322835659007,0.07153688419132354
10989956.576953866,2723.682573161214,4121.623940670372,3199.116532302202,7320.740472972573,129,2.5977843592802383,0.07153194947986097
10989238.10603085,2918.3683859524535,4416.429943078661,3428.0956401172225,7844.525583195884,130,2.5976258638594714,0.07152666197885593
10988468.3061063,3126.94362089678,4732.297413624977,3673.452859177148,8405.750272802125,131,2.5974560434749243,0.07152099651016464
10987643.519154644,3350.39526084163,5070.727313467842,3936.3582710452024,9007.085584513045,132,2.597274090782026,0.07151492610512511
10986759.827792812,3589.7798417432377,5433.3270214284885,4218.065344015638,9651.392365444128,133,2.5970791411566303,0.07150842187817563
10985813.037089553,3846.2282677451653,5821.817797496332,4519.91684520611,10341.734642702442,134,2.596870268671913,0.07150145289169507
10984798.655128311,4120.9509467271255,6238.042757671888,4843.35116728924,11081.393924961129,135,2.59664648179876,0.0714939860114745
10983711.872242648,4415.243265712013,6683.97539336841,5189.909098271011,11873.884491639421,136,2.5964067188115356,0.07148598575219611
10982547.538838563,4730.491426390247,7161.728670476321,5561.241064569256,12722.969735045577,137,2.596149842880095,0.07147741411225428
10981300.141713385,5068.1786618798005,7673.56474514029,5959.114879595719,13632.679624736009,138,2.5958746368277845,0.07146823039721872
10979963.77877592,5429.891856676525,8221.905335301688,6385.424032103512,14607.329367405202,139,2.595579797534091,0.07145839103119123
10978532.132067608,5817.32859254888,8809.34278911161,6842.1965507313835,15651.539339842995,140,2.5952639299594056,0.07144784935526949
10976998.43897925,6232.304643877955,9438.651893411818,7331.604483459806,16770.256376871625,141,2.594925540768204,0.07143655541228755
10975355.461552685,6676.761946618681,10112.802467600512,7855.974033093796,17968.77650069431,142,2.594563031525729,0.07142445571694944
10973595.453751622,7152.777065638861,10834.972790331425,8417.796392404935,19252.769182736363,143,2.5941746914420265,0.07141149301042993
10971710.126580523,7662.570185652805,11608.563908619632,9019.739325201124,20628.30323382076,144,2.593758689635957,0.07139760599846823
10969690.610925352,8208.51465127518,12437.214881022714,9664.659542346659,22101.874423369376,145,2.5933130668905724,0.07138272907192156
10967527.417984923,8793.14708184236,13324.819008604285,10355.615924625698,23680.434933229986,146,2.5928357268700175,0.07136679200870932
10965210.397156794,9419.1780865414,14275.541109335269,11095.883647325936,25371.42475666121,147,2.592324426766943,0.07134971965600956
10962728.691237075,10089.503605002821,15293.835893407939,11888.969264511228,27182.80515791917,148,2.5917767673482635,0.07133143159153321
10960070.688789472,10807.216897797176,16384.4674985824,12738.626814145002,29123.094312727404,149,2.5911901823660197,0.07131184176263794
10957223.973535221,11575.62121016293,17552.53024610078,13648.875008510691,31201.405254611476,150,2.5905619272991545,0.07129085810200686
10954175.270612717,12398.243130711779,18803.47067882737,14624.015577738512,33427.486256565884,151,2.5898890673911374,0.07126838211855402
10950910.389553567,13278.846664723214,20143.110944029395,15668.652837673366,35811.763781702764,152,2.589168464947691,0.07124430846218499
10947414.163820833,14221.448038857956,21577.673583517266,16787.71455678611,38365.38814030338,153,2.58839676585841,0.07121852446099397
10943670.386755483,15230.331250581454,23113.80779361506,17986.47420031485,41100.28199392991,154,2.5875703853057983,0.07119090962944274
10939661.743779011,16310.064371171504,24758.61721651749,19270.574633293465,44029.19184981096,155,2.5866854926253424,0.07116133514603296
10935369.740703823,17465.516605749523,26519.689322876424,20646.05336754444,47165.74269042086,156,2.585737995280676,0.07112966329896842
10930774.628008993,18701.87610716747,28405.12644279666,22119.369441037572,50524.49588383423,157,2.5847235219187654,0.0710957468982798
10925855.320947539,20024.66853262698,30423.578498635034,23697.43202119294,54121.01051982797,158,2.5836374044714527,0.07105942865289516
10920589.315363022,21439.77632240837,32584.277487891268,25387.630826672663,57971.90831456393,159,2.582474659271722,0.0710205405111426
10914952.599108446,22953.45866882794,34897.07375783054,27197.868464888845,62094.942222719386,160,2.5812299671558083,0.07097890296320797
10908919.558979912,24572.37213028076,37372.47410503336,29136.59478476832,66509.06888980168,161,2.579897652525846,0.07093432430412205
10902462.883101594,26303.591829697838,40021.681722542766,31212.84334615906,71234.52506870183,162,2.5784716613523737,0.07088659985592471
10895553.458728459,28154.63315865986,42856.63800435194,33436.27010852255,76292.90811287449,163,2.5769455381016915,0.07083551114775721
10888160.26546916,30133.4738874463,45890.06620128834,35817.19444209766,81707.26064338599,164,2.575312401580145,0.07078082505278105
10880250.263974981,32248.576557115706,49135.51690350345,38366.642564391455,87502.15946789489,165,2.5735649196958996,0.07072229288098075
10871788.28019225,34508.911001940265,52607.415302326786,41096.39350347498,93703.80880580176,166,2.5716952831490607,0.07065964942714964
10862736.885336593,36923.97681876283,56321.11015769885,44019.02768693758,100340.13784463643,167,2.569695178073152,0.07059261197361688
10853056.271818824,39503.82556369334,60292.924366221254,47147.978251254186,107440.90261747543,168,2.5675557576653985,0.07052087924760975
10842704.125435453,42259.08241558517,64540.206988466234,50497.5851604887,115037.79214895492,169,2.565267612860121,0.07044413033355035
10831635.494233165,45200.966999490716,69081.3865519332,54083.15221540349,123164.53876733668,170,2.5628207421192215,0.07036202354105425
10819802.654567556,48341.31301135185,73936.02539724068,57921.00702384422,131857.03242108488,171,2.560204520436519,0.07027419522996858
10807154.975003464,51692.5862271083,79124.87477906421,62028.563990357594,141153.43876942177,172,2.5574076676789073,0.07018025859444132
10793638.778849013,55267.900414807766,84669.93036920112,66424.39036697228,151094.32073617337,173,2.5544182164173446,0.07007980240878786
10779197.20627953,59081.0305968281,90594.48773615298,71128.27538748345,161722.7631236364,174,2.551223479434905,0.06997238973881248
10763770.077192422,63146.42303070054,96923.19729293621,76161.3024839364,173084.49977687257,175,2.5478100171378872,0.06985755662325666
10747293.756141517,67479.20119108673,103682.11811162576,81545.92455576618,185228.0426673919,176,2.5441636051396994,0.0697348107312401
10729701.02093059,72095.16694219086,110898.76989858203,87306.04222863428,198204.81212721628,177,2.5402692023362494,0.06960363000287773
10710920.936702138,77010.79598945346,118602.18230762915,93467.08500077773,212069.26730840682,178,2.5361109198462377,0.06946346128177949
10690878.737639885,82243.226592194,126822.94063893781,100056.09512897936,226879.0357679171,179,2.5316719912503247,0.06931371894983984
10669495.718712516,87810.24040567971,135593.22682843584,107101.8140533648,242695.04088180058,180,2.526934744629905,0.06915378357663893
10646689.140221776,93730.2342030198,144946.8544758116,114634.771099389,259581.62557520054,181,2.5218805769792696,0.06898300059788953
10622372.148279838,100022.18110591485,154919.2964884199,122687.37412582299,277606.6706142428,182,2.5164899316442444,0.06880067903972686
10596453.714726893,106705.57983080012,165547.70373379043,131294.00170851298,296841.7054423033,183,2.5107422795259366,0.06860609030822062
10568838.60040792,113800.39033615717,176870.9128955286,140491.09636039022,317362.00925591873,184,2.504616104879438,0.06839846706630559
10539427.346153447,121326.95414136976,188929.44151726022,150317.2581879196,339246.6997051797,185,2.4980888966337904,0.06817700222339074
10508116.296247145,129305.89748202366,201765.467998616,160813.33827221184,362578.8062708278,186,2.4911371462601655,0.06794084806619782
10474797.659606047,137758.0153765803,215422.79407856922,172022.53093880162,387445.3250173708,187,2.4837363533187475,0.06768911556286183
10439359.614337036,146704.1346116322,229946.787108162,183990.46394316657,413937.25105132855,188,2.4758610399195167,0.06742087387602802
10401686.461754048,156164.95361546084,245384.29918131305,196765.28544917557,442149.5846304886,189,2.467484775435593,0.0671351501244919
10361658.83632869,166160.8571916912,261783.5599648116,210397.74651480408,472181.3064796157,190,2.458580212907301,0.06683092943685542
10319153.978384819,176711.70413716196,279194.03985405754,224941.27762396028,504135.3174780178,191,2.44911913866686,0.0665071553446146
10274046.076612843,187836.58588275968,297666.2798885427,240452.05761585236,538118.3375043952,192,2.439072536793454,0.06616273056595734
10226206.687647315,199553.554486219,317251.68470124836,256989.07316521584,574240.7578664643,193,2.4284106700711567,0.06579651823525046
10175505.239992332,211879.31858615877,338002.2746617767,274614.1667597296,612616.4414215065,194,2.4171031791618036,0.0654073436365481
10121809.629461395,224828.9063120652,359970.39331893076,293392.0709076061,653362.464226537,195,2.4051192017146237,0.06499399650235049
10064986.912985535,238415.2946509879,383208.3662714813,313390.42609199113,696598.7923634726,196,2.392427513106556,0.06455523394103668
10004904.107097875,252649.0054134577,407768.10771492234,334679.7797737401,742447.8874886626,197,2.3789966904332456,0.06408978405769417
9941429.096584028,267537.6687324089,433700.67114787793,357333.56353568024,791034.2346835583,198,2.364795301241743,0.06359635033322775
9874431.65765592,283085.5559812059,461055.74109674967,381428.0452661179,842483.7863628678,199,2.3497921183023958,0.06307361682533474
9803784.598522672,299293.08511806745,489881.0632544271,407042.2531048262,896923.3163592536,200,2.333956361449912,0.06252025425192276
9729365.01836119,316156.3027568432,520221.8111518864,434257.8677300722,954479.6788819588,201,2.3172579671728166,0.06193492701248049
9651055.683402589,333666.3487237448,552119.8884129266,463159.0794607325,1015278.9678736595,202,2.299667886188292,0.061316301195466494
9568746.516129743,351808.91047279385,585613.1668026722,493832.406594784,1079445.5733974564,203,2.2811584086989387,0.060663053609646855
9482336.190421352,370563.6764748787,620734.6616866081,526366.4714171547,1147101.133103763,204,2.2617035163848924,0.05997388186418706
9391733.821891453,389903.7995288386,657511.648179957,560851.730399744,1218363.3785797013,205,2.2412792594378415,0.05924751550593532
9296860.73869534,409795.3828155598,695964.7231904626,597380.1552986305,1293344.8784890934,206,2.2198641560957837,0.05848272820252953
9197652.313764084,430197.0033592079,736106.8207341556,636044.862142545,1372151.682876701,207,2.197439611197116,0.05767835093662854
9094059.834881308,451059.2892882896,777942.1903137297,676939.6855166648,1454881.875830395,208,2.1739903492542063,0.056833286149759576
8986052.384350814,472324.5688018054,821465.3507577236,720158.6960896497,1541624.0468473737,209,2.149504856471504,0.05594652274411516
8873618.695379771,493926.60992634523,866660.0346732399,765795.6600206343,1632455.6946938748,210,2.123975825030572,0.05501715181757638
8756768.947910417,515790.47087140183,913498.1414934682,813943.4397247032,1727441.5812181719,211,2.0974005918715286,0.05404438297179337
8635536.462695083,537832.4809191593,961938.7199114084,864693.3364743403,1826632.056385749,212,2.06978156316232,0.053027560996178114
8509979.249171196,559960.3711893625,1011927.0031700146,918134.3764694185,1930061.3796394335,213,2.0411266147164184,0.05196618269322806
8380181.360415912,582073.5731774601,1063393.523094421,974352.5433121971,2037746.0664066186,214,2.0114494578541504,0.050859913573982896
8246254.007408593,604063.7005737302,1116253.330755781,1033429.9612618871,2149683.2920176685,215,1.980769959664674,0.04970860411820133
8108336.3852542,625815.2264639444,1170405.353089083,1095444.035192764,2265849.3882818474,216,1.949114406377085,0.048512305263749944
7966596.166141151,647206.3635646957,1225731.9154853197,1160466.554808824,2386198.4702941445,217,1.9165156986495655,0.047271282765592115
7821229.617789986,668110.1496918818,1282098.4601823373,1228562.7723357864,2510661.2325181244,218,1.8830134680866843,0.045986030048585036
7672461.312088809,688395.734298466,1339353.489044578,1299790.4645681384,2639143.953612717,219,1.8486541052363505,0.04465727917191176
7520543.396510078,707929.8548197992,1397328.756932832,1374198.9917372817,2771527.748670114,220,1.8134906907218376,0.04328600952808248
7365754.4106555525,726578.4839782089,1455839.7382437899,1451828.367122439,2907668.1053662295,221,1.7775828230312163,0.04187345391745234
7208397.641659416,744208.6214400739,1514686.3843200726,1532708.3525804272,3047394.7369005005,222,1.7409963387916454,0.04042110167103319
7048799.024850808,760690.195664052,1573654.1833313648,1616857.5961537645,3190511.77948513,223,1.7038029240465054,0.03893069854045206
6887304.60958054,775898.0348450794,1632515.5270133077,1704282.8285610625,3336798.355574371,224,1.6660796180484074,0.03740424313386037
6724277.62390067,789713.8599778189,1691031.3805041434,1794978.1356173572,3486009.5161215016,225,1.6279082142728354,0.035843979749393684
6560095.185228791,802028.2486539625,1748953.242694092,1888924.323423143,3637877.566117236,226,1.5893745666151977,0.03425238754154902
6395144.716576733,812742.5156417983,1806025.375319755,1986088.3924617036,3792113.7677814593,227,1.5505678119115496,0.032632166047932065
6229820.138729856,821770.4558652514,1861987.269869858,2086423.1355350234,3948410.405404882,228,1.5115795228654532,0.030986217200959842
6064517.917336301,829039.8972847196,1916576.3126289526,2189866.8727500155,4106443.1853789687,229,1.4725028080177107,0.0293176240474029
5899633.049711391,834494.0154317992,1969530.6002940638,2296343.334562735,4265873.934856799,230,1.4334313774220915,0.027629626493961057
5735555.078924996,838092.3678659262,2020591.8519633291,2405761.7012457387,4426353.553209068,231,1.3944585940719112,0.025925594485123327
5572664.222229949,839811.615355987,2069508.3582814632,2518016.80413259,4587525.162414054,232,1.3556765317753143,0.02420899909628149
5411327.6971040685,839645.9067595626,2116037.905432576,2632989.4907037825,4749027.396136359,233,1.3171750600566188,0.022483382086821546
5251896.321300823,837606.915878276,2159950.6107041864,2750547.1521167033,4910497.76282089,234,1.2790409757663275,0.020752324501783326
5094701.453693883,833723.5304317019,2201031.6076074685,2870544.408266936,5071576.015874404,235,1.2413571994568129,0.01901941493462611
4940052.330867108,828041.2050985339,2239083.5220114407,2992823.9420229066,5231907.464034347,236,1.2042020523092767,0.017288218066679573
4788233.840963917,820621.0017135458,2273928.6862989846,3117217.4710235423,5391146.157322526,237,1.1676486266005321,0.015562244081114729
4639504.761953512,811538.3496251911,2305411.045936689,3243546.842484597,5548957.888421285,238,1.1317642595219932,0.013844919511941445
4494096.476898337,800881.5674447529,2333397.7217313754,3371625.233925524,5705022.955656898,239,1.0966101167699105,0.012139560033779473
4352212.164688409,788750.1936076123,2357780.2010155893,3501258.440688378,5859038.641703966,240,1.0622408888813442,0.010449345628966489
4214026.4516426595,775253.1771134362,2378475.1416102042,3632246.229633689,6010721.371243891,241,1.028704599953206,0.008777298488510832
4079685.4978578864,760506.9814533179,2395424.7831878625,3764383.7375009223,6159808.520688782,242,0.9960425252934899,0.0071262639163778285
3949307.4825781127,744633.654145915,2408596.971153491,3897462.8921224703,6306059.863275959,243,0.9642892118310267,0.005498894416588129
3822983.445388623,727758.9116919598,2417984.807955076,4031273.834964331,6449258.642919404,244,0.9334725928391363,0.0038976370534455906
3700778.4348011147,710010.2854156294,2423605.955488077,4165606.3242951683,6589212.279783243,245,0.903614186763294,0.002324724090286834
3582732.912754974,691515.3679587645,2425501.6196861896,4300251.099600062,6725752.719286249,246,0.8747293687048663,0.0007821668344312194
3468864.3625733955,672400.193532888,2423735.254311078,4435001.189582628,6858736.443893704,247,0.8468277023941118,-0.000728247452310482
3359169.0487572206,652787.7778235073,2418391.025263796,4569653.148155466,6988044.173419259,248,0.8199133202525009,-0.002204955775502504
3253623.8793912134,632796.8360696093,2409572.0794246015,4704008.205114566,7113580.284539164,249,0.7939853393439485,-0.0036466170057146696
3152188.3255620627,612540.6906546043,2397398.663145168,4837873.320638155,7235271.98378332,250,0.7690383015798958,-0.0050521071286401265
3054806.3567204378,592126.3728318824,2382006.1351903393,4971062.135257331,7353068.270447667,251,0.745062627399885,-0.006420512446034032
2961408.3560474273,571653.9171910695,2363542.9173269216,5103395.809434572,7466938.72676149,252,0.7220450732207332,-0.007751121036446151
2871912.985321073,551215.8423037566,2342168.4230890935,5234703.749286068,7576872.1723751575,253,0.6999691841594661,-0.00904341278558285
2786228.9742706185,530896.806757335,2318051.0017365757,5364824.217235462,7682875.218972034,254,0.6788157348199141,-0.010297048288572364
2704256.814746672,510773.42652025574,2291365.930290014,5493604.828443049,7784970.75873306,255,0.6585631522309505,-0.011511856911936125
2625890.345062181,490914.2372585439,2262293.481997883,5620902.935681383,7883196.417679263,256,0.6391879162866755,-0.012687824283243776
2551018.2144538374,471379.78377870587,2231017.09486396,5746585.906903488,7977603.001767444,257,0.6206649342269761,-0.013825079452689737
2479525.221699264,452222.81811429735,2197721.6591238333,5870531.301062597,8068252.9601864265,258,0.6029678867829174,-0.014923881944596706
2411293.525461231,433488.5877918888,2162591.937955173,5992626.948791699,8155218.8867468685,259,0.5860695445771401,-0.01598460888931008
2346203.7269056635,415215.19638747745,2125811.1313620866,6112770.945344764,8238582.076706847,260,0.5699420542051952,-0.017007742398163384
2284135.827568836,397434.0194959443,2087559.589181443,6230871.563753769,8318431.152935208,261,0.5545571941270483,-0.017993857317011197
2224970.0673625064,380170.16056843847,2048013.675582976,6346847.096486071,8394860.772069043,262,0.5398866010720339,-0.018943609467921063
2168587.6490479987,363442.93261978484,2007344.7843137498,6460625.634018458,8467970.418332204,263,0.5259019681127772,-0.019857724464486193
2114871.356533149,347266.3534769837,1965718.5012873034,6572144.788702556,8537863.289989855,264,0.5125752159045074,-0.020736987164204135
2063706.075005184,331649.64395168255,1923293.9089357192,6681351.372107406,8604645.281043122,265,0.49987863882795897,-0.02158223180165486
2014979.2212639041,316597.7200099464,1880223.025011195,6788201.033714946,8668424.058726138,266,0.4877850279298591,-0.022394332828911123
1968581.0927170513,302111.6716318095,1836650.3672133407,6892657.86843779,8729308.235651128,267,0.47626777263803444,-0.023174196474694764
1924405.1433938192,288189.2225643091,1792712.634092221,6994693.999949642,8787406.63404186,268,0.46530094325121735,-0.023922753021188403
1882348.1950687307,274825.1665501074,1748538.4920930546,7094289.146288099,8842827.638381151,269,0.45485935617859763,-0.02464094978698861
1842310.591206826,262011.7768446836,1704248.45832188,7191430.173626602,8895678.63194848,270,0.4449186238418251,-0.02532974479627148
1804196.300977011,249739.18691205967,1659954.868577548,7286110.643533373,8946065.512110919,271,0.4354551910620506,-0.025990101107643993
1767912.9800627595,237995.74111245372,1615761.920370431,7378330.3584543485,8994092.278824776,272,0.4264463596448972,-0.02662298177117739
1733371.9944522653,226768.31497055304,1571765.7809911352,7468094.909586039,9039860.690577172,273,0.41787030275389747,-0.027229345378562475
1700488.4128329565,216042.60524937086,1528054.751165452,7555415.230752214,9083469.981917663,274,0.40970607053361996,-0.027810142168968488
1669180.972663209,205803.39056347017,1484709.4754007973,7640307.161372516,9125016.63677331,275,0.401933588312009,-0.028366310651889326
1639372.0244586044,196034.76365971513,1441803.1907646682,7722791.0211170055,9164594.211881671,276,0.39453364858097234,-0.028898774707790342
1610987.458319548,186720.33678728773,1399402.006511448,7802891.198381709,9202293.204893155,277,0.38748789782767945,-0.029408441127621976
1583956.6162472346,177843.42178512254,1357565.2076686237,7880635.754299012,9238200.961967634,278,0.3807788191683642,-0.029896197553066828
1558212.1933494424,169387.1866473143,1316345.5763893006,7956056.043613936,9272401.620003235,279,0.374389711623009,-0.03036291078062492
1533690.1306283337,161334.79039778555,1275789.7255605324,8029186.353413342,9304976.078973873,280,0.36830466676398943,-0.03080942539421283
1510329.5016699038,153669.49812587214,1235938.4398152907,8100063.560388926,9336002.000204217,281,0.3625085433750113,-0.03123656269275299
1488072.395218455,146374.77801465313,1196827.0197215534,8168726.807045331,9365553.826766884,282,0.356986940668619,-0.031645119881199335
1466863.7953182813,139434.38214277837,1158485.6255090712,8235217.197029862,9393702.822538933,283,0.3517261705310739,-0.032035869495495306
1446651.4604368324,132832.4127660006,1120939.617239016,8299577.509558143,9420517.12679716,284,0.3467132291922093,-0.032409559034067725
1427385.8027469157,126553.3756932247,1084209.888821763,8361851.932738088,9446061.821559852,285,0.34193576865454506,-0.032766910770556934
1409019.7685376203,120582.22226920763,1048313.1937427553,8422085.815450408,9470399.009193165,286,0.33738206815999205,-0.0331086217245421
1391508.720542241,114904.38136666239,1013262.4607660823,8480325.437325004,9493587.898091089,287,0.33304100592334607,-0.03343536376903988
1374810.3228140841,109505.78267815334,979067.0982512991,8536617.796256453,9515684.894507755,288,0.32890203131889045,-0.03374778385545796
1358884.4286452876,104372.87248576646,945733.2860429658,8591010.41282597,9536743.698868938,289,0.32495513766922557,-0.03404650433853862
1343692.9719074136,99492.6229763777,913264.2541767305,8643551.150939468,9556815.4051162,290,0.32119083575335566,-0.03433212338553582
1329199.8620934247,94852.53606414005,881660.5478931386,8694288.053949287,9575948.601842428,291,0.31760012812355887,-0.03460521545549966
1315370.8832567353,90440.64258080264,850920.2786635468,8743269.195498906,9594189.474162454,292,0.3141744842971291,-0.03486633183604548
1302173.5969724958,86245.49759950303,821039.3611144443,8790542.544313548,9611581.905427992,293,0.310905816869245,-0.03511600122638203
1289577.2493874533,82256.17256925663,792011.7358900419,8836155.84215324,9628167.578043282,294,0.30778645857654824,-0.03535473035665615
1277552.6823760907,78462.24485576218,763829.5786210077,8880156.494147131,9643986.072768139,295,0.3048091403271126,-0.03558300463485409
1266072.2487809544,74853.7852094057,736483.4952724444,8922591.470737187,9659074.966009632,296,0.3019669702009878,-0.03580128881357669
1255109.7316828682,71421.34361337543,709962.7042292028,8963507.220474545,9673469.924703749,297,0.2992534134160971,-0.03601002766997641
1244640.2676210627,68155.93390337803,684255.2055438278,9002949.592931723,9687204.798475552,298,0.2966622732466531,-0.03620964669304039
1234640.273663138,65049.01749526865,659347.9378240939,9040963.771017492,9700311.708841586,299,0.29418767287519004,-0.03640055277319865
1225087.378209395,62092.48650761354,635226.9232752643,9077594.21200772,9712821.135282984,300,0.29182403815455643,-0.036583134889950464
